Job_Title	Skills	Location	Salary
Full Stack Developer	networking aws html sql data analysis	Bangalore	10LPA
Python Developer	sql c++ mongodb nodejs machine learning	Delhi	15LPA
Cyber Security Analyst	aws react django data analysis powerbi	Hyderabad	15LPA
Software Engineer	nlp javascript tensorflow c++ sql	Hyderabad	15LPA
UI UX Designer	linux flask nodejs html tensorflow	Remote	5LPA
Web Developer	django aws machine learning algorithms c++	Delhi	12LPA
Business Analyst	tensorflow tableau nodejs docker algorithms	Chandigarh	14LPA
UI UX Designer	data analysis tableau nlp html nodejs	Chandigarh	12LPA
Web Developer	flask azure tensorflow nodejs java	Noida	12LPA
Database Administrator	java deep learning algorithms nodejs tableau	Pune	14LPA
Game Developer	algorithms security django javascript html	Chandigarh	4LPA
Full Stack Developer	kubernetes react css docker java	Bangalore	13LPA
Business Analyst	react nlp powerbi django tensorflow	Noida	10LPA
Java Developer	linux css python azure deep learning	Chandigarh	11LPA
Cloud Engineer	azure mongodb algorithms tableau nodejs	Hyderabad	11LPA
Game Developer	docker mongodb kubernetes flask react	Chandigarh	5LPA
Python Developer	docker sql tensorflow nodejs networking	Hyderabad	14LPA
Database Administrator	react django networking algorithms aws	Noida	12LPA
Full Stack Developer	data analysis c++ css javascript linux	Pune	14LPA
iOS Developer	pytorch python docker security aws	Remote	4LPA
Software Engineer	linux tableau flask css networking	Chandigarh	6LPA
DevOps Engineer	linux nlp kubernetes docker mongodb	Chandigarh	5LPA
Database Administrator	linux java pytorch css deep learning	Pune	8LPA
Business Analyst	deep learning react aws nodejs networking	Delhi	4LPA
Cloud Engineer	html linux excel azure machine learning	Delhi	7LPA
Mobile App Developer	security deep learning aws networking pytorch	Hyderabad	9LPA
Business Analyst	tensorflow networking nodejs mongodb django	Delhi	15LPA
Backend Developer	react python linux pytorch mongodb	Bangalore	11LPA
Cloud Engineer	kubernetes nodejs powerbi c++ html	Pune	9LPA
Java Developer	java linux deep learning docker kubernetes	Noida	6LPA
Software Engineer	pytorch dsa deep learning aws java	Hyderabad	9LPA
Business Analyst	networking tableau dsa data analysis tensorflow	Chandigarh	9LPA
iOS Developer	networking nlp css security java	Remote	5LPA
Cloud Engineer	pytorch tensorflow mongodb algorithms dsa	Noida	7LPA
iOS Developer	excel algorithms flask dsa c++	Chandigarh	9LPA
Java Developer	machine learning c++ security pytorch tableau	Pune	11LPA
Data Scientist	algorithms security django css javascript	Noida	14LPA
Game Developer	django excel dsa deep learning machine learning	Noida	6LPA
Software Engineer	c++ nlp data analysis azure machine learning	Chandigarh	14LPA
Java Developer	nlp react data analysis kubernetes linux	Remote	14LPA
Frontend Developer	deep learning pytorch security tableau react	Pune	8LPA
iOS Developer	excel azure algorithms javascript react	Chandigarh	8LPA
Cloud Engineer	javascript css excel security mongodb	Hyderabad	8LPA
Database Administrator	networking data analysis machine learning dsa docker	Noida	11LPA
Business Analyst	nlp data analysis dsa azure tensorflow	Delhi	12LPA
ML Engineer	kubernetes dsa tensorflow css aws	Hyderabad	4LPA
iOS Developer	powerbi java aws docker kubernetes	Delhi	11LPA
DevOps Engineer	algorithms data analysis sql tableau security	Noida	14LPA
UI UX Designer	networking html powerbi nlp excel	Remote	6LPA
Game Developer	sql azure deep learning aws flask	Hyderabad	4LPA
DevOps Engineer	flask html machine learning nodejs kubernetes	Chandigarh	11LPA
Game Developer	powerbi java react nodejs tableau	Pune	5LPA
Mobile App Developer	html mongodb security tensorflow linux	Bangalore	13LPA
ML Engineer	security flask dsa powerbi sql	Remote	11LPA
Full Stack Developer	flask dsa kubernetes machine learning python	Hyderabad	11LPA
Backend Developer	javascript excel tensorflow azure networking	Bangalore	7LPA
AI Engineer	css nodejs python flask docker	Hyderabad	12LPA
Java Developer	mongodb nlp linux aws tensorflow	Bangalore	6LPA
DevOps Engineer	django security networking javascript algorithms	Remote	8LPA
DevOps Engineer	kubernetes algorithms tableau javascript dsa	Noida	11LPA
Database Administrator	css aws nlp python azure	Pune	10LPA
Web Developer	dsa deep learning machine learning azure data analysis	Remote	5LPA
Mobile App Developer	security django css mongodb machine learning	Remote	5LPA
Game Developer	html mongodb machine learning pytorch nodejs	Pune	6LPA
Java Developer	dsa html java react aws	Delhi	8LPA
Software Engineer	aws deep learning dsa html javascript	Hyderabad	10LPA
Frontend Developer	dsa powerbi kubernetes networking security	Delhi	4LPA
Business Analyst	excel python aws tableau sql	Bangalore	11LPA
Data Scientist	react docker aws security machine learning	Chandigarh	12LPA
AI Engineer	azure flask algorithms nodejs react	Noida	4LPA
AI Engineer	mongodb flask azure python algorithms	Chandigarh	6LPA
Frontend Developer	data analysis docker security azure pytorch	Noida	7LPA
ML Engineer	pytorch mongodb nlp algorithms data analysis	Remote	10LPA
Cloud Engineer	machine learning tensorflow html nodejs mongodb	Remote	12LPA
ML Engineer	javascript security networking flask dsa	Chandigarh	10LPA
Cloud Engineer	kubernetes azure python javascript docker	Pune	10LPA
Cloud Engineer	data analysis nlp linux nodejs dsa	Delhi	10LPA
Database Administrator	kubernetes algorithms mongodb nodejs nlp	Noida	11LPA
Java Developer	react tensorflow flask algorithms dsa	Chandigarh	14LPA
Data Scientist	powerbi mongodb javascript deep learning flask	Hyderabad	12LPA
iOS Developer	dsa kubernetes algorithms linux aws	Bangalore	13LPA
Frontend Developer	javascript django powerbi aws kubernetes	Hyderabad	7LPA
Frontend Developer	kubernetes c++ javascript java tensorflow	Hyderabad	15LPA
Data Scientist	react aws css deep learning azure	Noida	6LPA
Python Developer	tensorflow css linux nlp aws	Pune	8LPA
AI Engineer	powerbi sql html dsa networking	Chandigarh	4LPA
Java Developer	deep learning nlp java linux sql	Hyderabad	10LPA
ML Engineer	networking mongodb nlp python azure	Hyderabad	8LPA
Cloud Engineer	mongodb excel data analysis azure sql	Remote	12LPA
Frontend Developer	python security powerbi machine learning nlp	Hyderabad	13LPA
Database Administrator	azure c++ django machine learning tensorflow	Noida	9LPA
DevOps Engineer	javascript mongodb python css excel	Chandigarh	13LPA
DevOps Engineer	mongodb html azure sql aws	Hyderabad	15LPA
Software Engineer	machine learning sql nodejs python pytorch	Chandigarh	15LPA
Data Scientist	tableau react machine learning excel sql	Remote	8LPA
Data Scientist	html kubernetes nodejs dsa nlp	Delhi	12LPA
Web Developer	linux tensorflow dsa django security	Pune	4LPA
AI Engineer	aws nodejs deep learning machine learning tensorflow	Bangalore	8LPA
AI Engineer	flask mongodb html algorithms networking	Pune	10LPA
Full Stack Developer	tableau linux react excel kubernetes	Chandigarh	14LPA
Cloud Engineer	mongodb kubernetes css sql nlp	Remote	12LPA
Game Developer	kubernetes django css mongodb java	Delhi	10LPA
Business Analyst	css java nodejs nlp html	Bangalore	13LPA
Data Analyst	sql powerbi java mongodb kubernetes	Delhi	4LPA
Cloud Engineer	nlp networking css react machine learning	Pune	6LPA
Java Developer	django machine learning nlp security dsa	Bangalore	5LPA
Mobile App Developer	flask powerbi linux tableau security	Remote	15LPA
Data Analyst	python azure pytorch docker linux	Delhi	14LPA
Frontend Developer	dsa flask tableau react nlp	Delhi	5LPA
Full Stack Developer	security networking docker python tensorflow	Delhi	4LPA
Cloud Engineer	nodejs powerbi flask azure data analysis	Bangalore	8LPA
AI Engineer	pytorch deep learning sql azure powerbi	Pune	10LPA
UI UX Designer	c++ aws excel html sql	Bangalore	14LPA
Java Developer	algorithms flask data analysis python dsa	Pune	7LPA
Software Engineer	c++ machine learning aws algorithms sql	Noida	5LPA
Backend Developer	machine learning tableau python deep learning css	Chandigarh	4LPA
Cloud Engineer	tensorflow networking java deep learning html	Bangalore	12LPA
ML Engineer	django java linux sql dsa	Delhi	4LPA
Web Developer	docker kubernetes aws networking linux	Delhi	13LPA
Game Developer	dsa aws linux docker data analysis	Remote	14LPA
Mobile App Developer	nodejs pytorch docker excel kubernetes	Hyderabad	5LPA
Frontend Developer	flask aws machine learning html python	Noida	6LPA
Backend Developer	deep learning networking linux html tableau	Bangalore	6LPA
iOS Developer	excel algorithms dsa c++ azure	Bangalore	11LPA
Frontend Developer	html python nlp react pytorch	Remote	5LPA
Java Developer	machine learning javascript security networking java	Chandigarh	7LPA
iOS Developer	java docker tensorflow deep learning machine learning	Noida	15LPA
Full Stack Developer	sql pytorch css nlp algorithms	Bangalore	5LPA
Backend Developer	react deep learning algorithms html java	Bangalore	8LPA
Data Analyst	nodejs nlp docker mongodb html	Delhi	4LPA
Cloud Engineer	aws react javascript nodejs tensorflow	Bangalore	5LPA
Backend Developer	data analysis mongodb machine learning deep learning javascript	Remote	4LPA
Data Analyst	algorithms excel react mongodb nodejs	Delhi	8LPA
Data Analyst	django algorithms c++ powerbi sql	Hyderabad	5LPA
Mobile App Developer	security dsa aws kubernetes python	Pune	8LPA
Frontend Developer	python aws nodejs c++ linux	Delhi	11LPA
Business Analyst	css docker pytorch java python	Pune	6LPA
Data Analyst	machine learning django azure flask tableau	Delhi	11LPA
Software Engineer	deep learning c++ nodejs flask excel	Noida	7LPA
Database Administrator	deep learning powerbi nodejs azure tableau	Hyderabad	12LPA
Backend Developer	css excel pytorch algorithms flask	Remote	6LPA
iOS Developer	java python react c++ powerbi	Remote	15LPA
Cyber Security Analyst	html networking tensorflow algorithms mongodb	Delhi	9LPA
Business Analyst	javascript powerbi excel linux java	Chandigarh	10LPA
Data Analyst	pytorch azure django java python	Chandigarh	4LPA
Cloud Engineer	azure algorithms nodejs linux flask	Delhi	14LPA
Software Engineer	azure c++ flask aws nlp	Pune	10LPA
Full Stack Developer	deep learning algorithms linux nlp pytorch	Pune	11LPA
ML Engineer	powerbi tensorflow machine learning azure linux	Bangalore	7LPA
AI Engineer	docker aws java sql azure	Noida	8LPA
Data Scientist	linux azure python networking kubernetes	Bangalore	13LPA
AI Engineer	docker linux tableau django pytorch	Bangalore	9LPA
Full Stack Developer	css nlp pytorch tensorflow sql	Hyderabad	15LPA
DevOps Engineer	aws nlp deep learning pytorch python	Bangalore	15LPA
Data Scientist	tensorflow c++ excel javascript nodejs	Noida	14LPA
UI UX Designer	algorithms nlp dsa react data analysis	Delhi	5LPA
Software Engineer	nlp kubernetes excel css nodejs	Pune	12LPA
Frontend Developer	dsa css docker flask sql	Noida	10LPA
Database Administrator	dsa nodejs flask deep learning linux	Bangalore	5LPA
Full Stack Developer	django data analysis azure algorithms deep learning	Noida	6LPA
ML Engineer	css flask security algorithms deep learning	Hyderabad	9LPA
iOS Developer	html powerbi django tensorflow networking	Pune	14LPA
Business Analyst	flask html pytorch java react	Delhi	10LPA
UI UX Designer	azure linux tableau machine learning excel	Bangalore	4LPA
Backend Developer	excel security django mongodb tensorflow	Hyderabad	7LPA
Backend Developer	flask html security powerbi c++	Noida	15LPA
Game Developer	machine learning python dsa aws tableau	Hyderabad	15LPA
Web Developer	css machine learning python docker kubernetes	Remote	8LPA
Game Developer	linux pytorch machine learning react docker	Noida	5LPA
ML Engineer	react c++ powerbi machine learning mongodb	Delhi	10LPA
Cyber Security Analyst	nlp c++ python tensorflow security	Remote	14LPA
Python Developer	nlp mongodb python linux flask	Chandigarh	4LPA
Database Administrator	networking django javascript aws nlp	Chandigarh	12LPA
Data Scientist	data analysis pytorch machine learning docker tensorflow	Noida	11LPA
Database Administrator	linux css algorithms mongodb nlp	Pune	4LPA
UI UX Designer	html dsa pytorch sql c++	Chandigarh	12LPA
Web Developer	deep learning algorithms kubernetes pytorch nlp	Hyderabad	4LPA
ML Engineer	docker machine learning java data analysis nodejs	Delhi	9LPA
Python Developer	react dsa aws css networking	Noida	12LPA
Data Scientist	flask c++ nlp tensorflow excel	Delhi	15LPA
iOS Developer	sql aws nlp algorithms react	Delhi	12LPA
Software Engineer	mongodb security tensorflow html data analysis	Hyderabad	12LPA
UI UX Designer	azure c++ kubernetes mongodb html	Noida	10LPA
Software Engineer	html nodejs dsa java mongodb	Noida	6LPA
Backend Developer	mongodb tensorflow flask kubernetes nlp	Pune	5LPA
Web Developer	nlp networking tensorflow powerbi dsa	Delhi	5LPA
Data Analyst	dsa networking linux azure sql	Delhi	9LPA
Database Administrator	java data analysis security sql react	Remote	10LPA
Backend Developer	tableau powerbi machine learning networking nodejs	Pune	13LPA
Cloud Engineer	nlp python pytorch css dsa	Noida	9LPA
Backend Developer	react excel javascript aws mongodb	Chandigarh	14LPA
Data Scientist	machine learning java html mongodb nodejs	Pune	9LPA
iOS Developer	nodejs mongodb pytorch linux networking	Hyderabad	4LPA
Cloud Engineer	dsa excel javascript tableau security	Delhi	8LPA
Web Developer	java css linux tensorflow flask	Bangalore	4LPA
Database Administrator	tensorflow pytorch flask sql nlp	Chandigarh	9LPA
Cloud Engineer	nodejs tableau react mongodb azure	Hyderabad	11LPA
Mobile App Developer	tableau azure mongodb sql flask	Bangalore	4LPA
iOS Developer	python c++ docker tensorflow flask	Pune	13LPA
Java Developer	aws nodejs networking dsa powerbi	Noida	6LPA
UI UX Designer	excel html linux aws kubernetes	Pune	11LPA
Cyber Security Analyst	dsa flask data analysis machine learning tableau	Hyderabad	12LPA
UI UX Designer	nodejs nlp data analysis react css	Chandigarh	15LPA
Business Analyst	tensorflow django c++ excel pytorch	Remote	8LPA
iOS Developer	flask linux pytorch django algorithms	Hyderabad	11LPA
Mobile App Developer	python kubernetes security django excel	Bangalore	8LPA
Frontend Developer	mongodb html excel nlp machine learning	Hyderabad	8LPA
Software Engineer	mongodb css powerbi java data analysis	Noida	9LPA
Backend Developer	powerbi tableau kubernetes javascript tensorflow	Chandigarh	10LPA
ML Engineer	tensorflow aws powerbi networking deep learning	Remote	8LPA
Cyber Security Analyst	sql flask django nlp c++	Bangalore	14LPA
AI Engineer	java excel django javascript nlp	Chandigarh	9LPA
AI Engineer	html networking aws deep learning tensorflow	Chandigarh	4LPA
Java Developer	python flask azure javascript tableau	Delhi	14LPA
Data Scientist	mongodb css nlp nodejs dsa	Noida	15LPA
Data Scientist	deep learning docker nodejs flask linux	Bangalore	4LPA
Database Administrator	aws react css mongodb powerbi	Pune	14LPA
iOS Developer	kubernetes sql javascript mongodb tableau	Chandigarh	15LPA
Business Analyst	data analysis javascript mongodb excel react	Noida	8LPA
Cloud Engineer	excel mongodb data analysis javascript react	Hyderabad	7LPA
AI Engineer	data analysis azure javascript deep learning kubernetes	Remote	13LPA
Database Administrator	javascript css java deep learning docker	Noida	9LPA
iOS Developer	deep learning networking javascript python machine learning	Bangalore	4LPA
Game Developer	flask java tableau javascript c++	Chandigarh	8LPA
ML Engineer	css excel linux pytorch azure	Bangalore	6LPA
Backend Developer	dsa algorithms python react machine learning	Bangalore	11LPA
Full Stack Developer	algorithms python flask django nodejs	Noida	12LPA
Java Developer	linux css python tensorflow powerbi	Chandigarh	11LPA
Java Developer	tensorflow tableau mongodb machine learning algorithms	Hyderabad	6LPA
Frontend Developer	nodejs nlp deep learning mongodb tableau	Chandigarh	6LPA
Backend Developer	data analysis django deep learning react nlp	Pune	14LPA
Data Scientist	javascript tableau dsa excel python	Chandigarh	10LPA
Game Developer	flask pytorch html excel java	Chandigarh	7LPA
DevOps Engineer	react nlp tableau tensorflow aws	Bangalore	13LPA
UI UX Designer	tensorflow aws data analysis tableau nodejs	Bangalore	12LPA
Cyber Security Analyst	tensorflow docker css algorithms c++	Noida	11LPA
Cyber Security Analyst	python deep learning mongodb data analysis kubernetes	Hyderabad	9LPA
AI Engineer	nlp azure flask nodejs javascript	Pune	13LPA
UI UX Designer	tensorflow nodejs django machine learning java	Remote	12LPA
iOS Developer	powerbi tableau nodejs algorithms aws	Delhi	13LPA
Game Developer	django linux azure css security	Delhi	8LPA
UI UX Designer	tensorflow data analysis javascript powerbi azure	Bangalore	15LPA
Cyber Security Analyst	networking nlp aws azure security	Delhi	9LPA
Software Engineer	tensorflow deep learning networking python excel	Pune	15LPA
Business Analyst	css data analysis nlp pytorch sql	Hyderabad	15LPA
Cyber Security Analyst	linux powerbi javascript aws kubernetes	Pune	14LPA
UI UX Designer	dsa mongodb css nodejs python	Remote	10LPA
Database Administrator	machine learning pytorch linux javascript networking	Remote	5LPA
Database Administrator	html javascript excel css deep learning	Bangalore	7LPA
DevOps Engineer	flask deep learning nlp data analysis sql	Noida	14LPA
Data Analyst	mongodb react sql tableau html	Pune	10LPA
Data Analyst	docker sql security flask python	Delhi	14LPA
Backend Developer	kubernetes algorithms dsa react networking	Bangalore	7LPA
UI UX Designer	nlp data analysis mongodb django algorithms	Remote	6LPA
Web Developer	kubernetes security algorithms css sql	Pune	5LPA
Business Analyst	mongodb docker data analysis css kubernetes	Bangalore	11LPA
Mobile App Developer	flask deep learning linux docker html	Noida	6LPA
Web Developer	nodejs security powerbi algorithms c++	Delhi	9LPA
Cyber Security Analyst	dsa flask algorithms tableau deep learning	Remote	6LPA
AI Engineer	nlp tableau linux kubernetes mongodb	Remote	9LPA
DevOps Engineer	security data analysis tensorflow deep learning python	Bangalore	13LPA
iOS Developer	docker javascript excel c++ css	Bangalore	7LPA
iOS Developer	javascript aws linux pytorch networking	Chandigarh	11LPA
Mobile App Developer	algorithms flask sql data analysis docker	Delhi	4LPA
iOS Developer	docker networking java python nodejs	Pune	8LPA
DevOps Engineer	deep learning tableau pytorch sql java	Bangalore	10LPA
Data Scientist	deep learning azure html java docker	Chandigarh	10LPA
UI UX Designer	pytorch azure data analysis networking django	Remote	9LPA
Business Analyst	dsa excel python tableau tensorflow	Chandigarh	11LPA
AI Engineer	algorithms aws java tableau html	Chandigarh	5LPA
DevOps Engineer	nodejs pytorch c++ html java	Chandigarh	10LPA
UI UX Designer	django react c++ flask python	Remote	7LPA
UI UX Designer	sql powerbi kubernetes django azure	Hyderabad	11LPA
Software Engineer	linux kubernetes react javascript powerbi	Remote	7LPA
Java Developer	tensorflow linux django css aws	Pune	12LPA
Data Scientist	aws css react nodejs nlp	Pune	6LPA
Business Analyst	python linux aws nlp html	Hyderabad	15LPA
Full Stack Developer	docker nlp algorithms powerbi networking	Noida	14LPA
Web Developer	machine learning nlp docker nodejs deep learning	Delhi	10LPA
Mobile App Developer	css machine learning powerbi c++ flask	Delhi	9LPA
Data Analyst	react nodejs pytorch sql flask	Pune	13LPA
Backend Developer	machine learning data analysis flask algorithms kubernetes	Chandigarh	14LPA
Frontend Developer	linux tensorflow data analysis java powerbi	Bangalore	11LPA
Software Engineer	java flask docker tensorflow c++	Chandigarh	12LPA
Business Analyst	javascript c++ nlp powerbi networking	Chandigarh	9LPA
iOS Developer	networking docker mongodb excel tableau	Noida	7LPA
Mobile App Developer	javascript security azure linux html	Noida	15LPA
AI Engineer	html nodejs docker sql data analysis	Delhi	5LPA
Data Scientist	aws data analysis excel sql html	Chandigarh	7LPA
Game Developer	mongodb dsa nodejs docker excel	Bangalore	10LPA
Cyber Security Analyst	react flask nodejs tensorflow c++	Remote	11LPA
Frontend Developer	data analysis css dsa react security	Chandigarh	15LPA
ML Engineer	machine learning nodejs data analysis docker javascript	Remote	13LPA
Cloud Engineer	pytorch django security css python	Noida	6LPA
Backend Developer	aws networking tensorflow data analysis sql	Hyderabad	6LPA
Java Developer	flask c++ pytorch azure kubernetes	Noida	6LPA
Python Developer	powerbi dsa kubernetes machine learning tensorflow	Hyderabad	12LPA
ML Engineer	networking tableau python pytorch data analysis	Chandigarh	14LPA
Web Developer	machine learning security java azure css	Delhi	8LPA
Full Stack Developer	deep learning html kubernetes powerbi django	Hyderabad	11LPA
Business Analyst	html python algorithms dsa javascript	Delhi	7LPA
DevOps Engineer	tensorflow excel react java c++	Remote	11LPA
Cloud Engineer	aws javascript algorithms dsa css	Remote	12LPA
Java Developer	docker mongodb azure nlp kubernetes	Bangalore	4LPA
Business Analyst	java deep learning linux tableau flask	Chandigarh	12LPA
Java Developer	html css mongodb excel docker	Delhi	13LPA
UI UX Designer	security azure docker data analysis nlp	Noida	7LPA
Software Engineer	algorithms python nlp java react	Pune	5LPA
Software Engineer	mongodb aws python javascript deep learning	Pune	7LPA
Business Analyst	kubernetes html django python machine learning	Pune	9LPA
Database Administrator	nodejs excel kubernetes sql css	Hyderabad	15LPA
Backend Developer	nlp nodejs sql c++ flask	Chandigarh	15LPA
DevOps Engineer	javascript java django react aws	Bangalore	10LPA
Python Developer	deep learning docker pytorch javascript tableau	Bangalore	11LPA
Game Developer	java linux tableau react docker	Bangalore	7LPA
Business Analyst	html data analysis sql networking django	Hyderabad	11LPA
Data Scientist	django css data analysis machine learning tableau	Noida	13LPA
Data Analyst	linux css c++ django security	Bangalore	15LPA
AI Engineer	kubernetes azure nodejs dsa html	Pune	15LPA
Mobile App Developer	html security powerbi css kubernetes	Bangalore	12LPA
Web Developer	docker powerbi pytorch kubernetes html	Delhi	8LPA
DevOps Engineer	react docker c++ python security	Remote	14LPA
UI UX Designer	deep learning security aws tableau data analysis	Chandigarh	11LPA
Frontend Developer	python tensorflow machine learning data analysis django	Chandigarh	5LPA
ML Engineer	dsa nodejs react javascript c++	Bangalore	9LPA
Business Analyst	mongodb data analysis aws networking nlp	Noida	15LPA
Java Developer	docker kubernetes machine learning css python	Pune	10LPA
Software Engineer	networking django azure machine learning javascript	Hyderabad	15LPA
iOS Developer	python tableau azure react flask	Delhi	11LPA
AI Engineer	c++ python mongodb azure nodejs	Remote	14LPA
Cyber Security Analyst	powerbi machine learning excel nlp kubernetes	Hyderabad	11LPA
DevOps Engineer	docker tableau c++ algorithms powerbi	Hyderabad	8LPA
Full Stack Developer	azure docker nlp algorithms linux	Chandigarh	8LPA
Mobile App Developer	javascript tensorflow machine learning linux nlp	Remote	4LPA
AI Engineer	javascript docker networking linux pytorch	Noida	7LPA
Data Analyst	c++ machine learning pytorch python aws	Noida	12LPA
Software Engineer	data analysis html linux docker sql	Pune	9LPA
Frontend Developer	pytorch kubernetes java django javascript	Chandigarh	14LPA
Java Developer	python networking powerbi nlp react	Hyderabad	7LPA
Web Developer	c++ powerbi algorithms django python	Hyderabad	10LPA
Data Analyst	machine learning pytorch java powerbi excel	Pune	9LPA
Java Developer	azure machine learning dsa javascript nlp	Remote	15LPA
ML Engineer	java security linux sql flask	Noida	15LPA
Backend Developer	data analysis docker django java pytorch	Noida	12LPA
Data Analyst	excel javascript aws flask python	Chandigarh	7LPA
Full Stack Developer	nlp python tensorflow java dsa	Pune	7LPA
ML Engineer	aws flask nlp javascript docker	Noida	6LPA
Database Administrator	pytorch django mongodb powerbi networking	Pune	11LPA
Data Scientist	powerbi tensorflow networking react flask	Bangalore	13LPA
Web Developer	docker python kubernetes algorithms dsa	Hyderabad	13LPA
Software Engineer	deep learning javascript nlp python tensorflow	Delhi	11LPA
Game Developer	django deep learning aws java security	Hyderabad	15LPA
Web Developer	html networking security azure java	Chandigarh	11LPA
UI UX Designer	algorithms react pytorch azure tableau	Delhi	14LPA
Software Engineer	css python java dsa aws	Chandigarh	4LPA
Business Analyst	kubernetes docker sql javascript linux	Hyderabad	11LPA
Cloud Engineer	nlp deep learning dsa data analysis mongodb	Delhi	7LPA
Cyber Security Analyst	css security react html nlp	Pune	5LPA
Backend Developer	docker excel algorithms nodejs kubernetes	Pune	7LPA
Backend Developer	azure algorithms tableau react aws	Bangalore	10LPA
Web Developer	sql deep learning tableau linux dsa	Chandigarh	15LPA
Cyber Security Analyst	mongodb linux react css python	Hyderabad	14LPA
Web Developer	linux django dsa nodejs javascript	Noida	6LPA
Mobile App Developer	nlp pytorch machine learning powerbi data analysis	Delhi	14LPA
Cloud Engineer	django nlp security css mongodb	Pune	4LPA
Data Analyst	react powerbi docker excel sql	Bangalore	10LPA
Backend Developer	c++ excel linux algorithms dsa	Noida	15LPA
Game Developer	networking java react linux nodejs	Chandigarh	5LPA
Game Developer	javascript networking machine learning kubernetes linux	Delhi	5LPA
Mobile App Developer	nlp algorithms security python tensorflow	Hyderabad	9LPA
Web Developer	django pytorch linux flask excel	Delhi	11LPA
Backend Developer	docker c++ react azure security	Remote	7LPA
DevOps Engineer	aws azure machine learning html networking	Chandigarh	14LPA
Frontend Developer	docker machine learning c++ algorithms pytorch	Bangalore	6LPA
DevOps Engineer	nlp security linux django react	Hyderabad	10LPA
Full Stack Developer	azure excel machine learning c++ aws	Hyderabad	13LPA
Business Analyst	algorithms azure c++ react data analysis	Chandigarh	7LPA
Web Developer	nodejs azure security tableau dsa	Chandigarh	12LPA
Python Developer	pytorch tensorflow azure security linux	Pune	12LPA
Business Analyst	html deep learning machine learning css mongodb	Remote	12LPA
Backend Developer	azure javascript security dsa pytorch	Remote	7LPA
UI UX Designer	excel tensorflow javascript java tableau	Hyderabad	12LPA
Full Stack Developer	html tensorflow excel mongodb css	Hyderabad	6LPA
Cloud Engineer	algorithms nodejs react mongodb azure	Hyderabad	5LPA
Business Analyst	flask tensorflow react data analysis javascript	Chandigarh	8LPA
Mobile App Developer	machine learning kubernetes html mongodb deep learning	Hyderabad	11LPA
Python Developer	docker powerbi deep learning mongodb nlp	Hyderabad	7LPA
iOS Developer	security excel powerbi linux tableau	Hyderabad	7LPA
Business Analyst	nodejs python docker pytorch javascript	Noida	5LPA
Cyber Security Analyst	java c++ linux django networking	Noida	14LPA
Cyber Security Analyst	sql nodejs kubernetes aws c++	Delhi	9LPA
Data Analyst	html javascript flask deep learning networking	Bangalore	14LPA
Cloud Engineer	html networking mongodb javascript nlp	Hyderabad	8LPA
Mobile App Developer	python excel mongodb nodejs pytorch	Pune	5LPA
AI Engineer	python flask html tensorflow aws	Remote	9LPA
Data Scientist	kubernetes tensorflow algorithms tableau css	Remote	4LPA
Web Developer	python tableau sql nodejs deep learning	Remote	8LPA
Python Developer	html kubernetes javascript dsa security	Remote	10LPA
Data Scientist	networking java tensorflow data analysis sql	Hyderabad	6LPA
Frontend Developer	pytorch django tableau python excel	Pune	15LPA
DevOps Engineer	java aws python react data analysis	Noida	11LPA
Mobile App Developer	networking deep learning html react security	Chandigarh	7LPA
Data Scientist	flask deep learning python c++ javascript	Bangalore	10LPA
Data Analyst	algorithms nodejs networking sql html	Pune	7LPA
Software Engineer	algorithms docker deep learning django javascript	Bangalore	7LPA
Web Developer	kubernetes css nlp dsa deep learning	Chandigarh	15LPA
Full Stack Developer	flask c++ sql pytorch excel	Remote	12LPA
Python Developer	networking algorithms html kubernetes aws	Pune	5LPA
DevOps Engineer	nodejs c++ flask tableau java	Noida	5LPA
DevOps Engineer	azure deep learning python pytorch dsa	Delhi	8LPA
Frontend Developer	data analysis networking c++ flask linux	Delhi	12LPA
ML Engineer	flask nodejs security dsa pytorch	Bangalore	15LPA
Cloud Engineer	nlp sql networking javascript c++	Hyderabad	5LPA
ML Engineer	linux tableau nodejs algorithms security	Bangalore	11LPA
Data Analyst	css data analysis python react flask	Chandigarh	11LPA
Backend Developer	javascript excel tensorflow security kubernetes	Delhi	12LPA
Backend Developer	tensorflow machine learning nlp aws pytorch	Pune	8LPA
Cyber Security Analyst	javascript react tableau sql java	Bangalore	8LPA
Business Analyst	machine learning dsa data analysis javascript react	Chandigarh	11LPA
Business Analyst	flask kubernetes react networking aws	Bangalore	11LPA
Data Analyst	python linux powerbi react css	Bangalore	6LPA
AI Engineer	sql pytorch nodejs docker mongodb	Remote	5LPA
Game Developer	flask tensorflow nlp algorithms dsa	Noida	12LPA
Cloud Engineer	security powerbi dsa sql css	Remote	12LPA
ML Engineer	nlp kubernetes security nodejs powerbi	Noida	10LPA
Web Developer	c++ css data analysis tensorflow security	Pune	13LPA
Java Developer	azure machine learning aws docker pytorch	Remote	11LPA
Cyber Security Analyst	kubernetes flask c++ tableau pytorch	Remote	4LPA
Software Engineer	machine learning data analysis nodejs flask excel	Hyderabad	4LPA
DevOps Engineer	react tensorflow machine learning networking nodejs	Chandigarh	4LPA
Full Stack Developer	machine learning security sql java react	Chandigarh	9LPA
ML Engineer	css nlp javascript pytorch linux	Remote	13LPA
Mobile App Developer	deep learning algorithms c++ django azure	Bangalore	11LPA
DevOps Engineer	react java powerbi c++ javascript	Remote	9LPA
Game Developer	machine learning css flask networking pytorch	Hyderabad	4LPA
Business Analyst	python css deep learning dsa sql	Remote	11LPA
Java Developer	html excel aws mongodb react	Remote	14LPA
ML Engineer	sql excel c++ react css	Pune	5LPA
Data Analyst	machine learning networking algorithms tensorflow deep learning	Bangalore	10LPA
Full Stack Developer	c++ algorithms kubernetes django mongodb	Pune	12LPA
Frontend Developer	django dsa c++ mongodb docker	Bangalore	6LPA
Backend Developer	azure react nodejs tableau algorithms	Pune	10LPA
Database Administrator	networking powerbi css nodejs kubernetes	Chandigarh	13LPA
ML Engineer	machine learning javascript django kubernetes flask	Chandigarh	4LPA
Web Developer	excel python nodejs docker java	Bangalore	6LPA
Python Developer	css powerbi machine learning security react	Noida	6LPA
Cloud Engineer	deep learning react c++ java nodejs	Delhi	5LPA
Data Analyst	networking data analysis tensorflow react sql	Chandigarh	8LPA
Cyber Security Analyst	algorithms django java data analysis python	Hyderabad	4LPA
Cloud Engineer	sql tensorflow linux nlp security	Chandigarh	13LPA
Business Analyst	aws javascript networking data analysis excel	Pune	12LPA
Database Administrator	tensorflow nodejs python deep learning pytorch	Bangalore	5LPA
DevOps Engineer	linux sql django tableau docker	Pune	4LPA
Data Analyst	powerbi aws django mongodb tensorflow	Chandigarh	7LPA
Full Stack Developer	excel javascript nlp python c++	Delhi	10LPA
Mobile App Developer	powerbi tensorflow docker networking html	Noida	13LPA
Cyber Security Analyst	aws tableau java react mongodb	Pune	5LPA
iOS Developer	react javascript data analysis flask dsa	Pune	11LPA
Web Developer	css excel nlp docker machine learning	Remote	15LPA
DevOps Engineer	nodejs kubernetes azure java security	Remote	4LPA
Backend Developer	azure css react python networking	Chandigarh	14LPA
Cyber Security Analyst	pytorch machine learning javascript kubernetes deep learning	Delhi	6LPA
Backend Developer	dsa react kubernetes tensorflow networking	Chandigarh	6LPA
Business Analyst	docker linux excel java django	Noida	5LPA
Full Stack Developer	data analysis css react powerbi excel	Bangalore	14LPA
Backend Developer	data analysis pytorch networking nlp tableau	Bangalore	9LPA
Mobile App Developer	algorithms django tensorflow nlp docker	Delhi	8LPA
Mobile App Developer	pytorch kubernetes deep learning html django	Bangalore	8LPA
Data Scientist	dsa aws machine learning data analysis networking	Hyderabad	10LPA
iOS Developer	javascript algorithms html pytorch linux	Hyderabad	8LPA
DevOps Engineer	java excel react css docker	Bangalore	12LPA
Business Analyst	pytorch css networking dsa data analysis	Noida	5LPA
Full Stack Developer	data analysis sql flask powerbi networking	Hyderabad	7LPA
Business Analyst	nlp networking aws java linux	Delhi	6LPA
Data Scientist	data analysis mongodb powerbi sql kubernetes	Noida	10LPA
Frontend Developer	tensorflow java linux powerbi javascript	Delhi	12LPA
Business Analyst	security data analysis deep learning python dsa	Delhi	4LPA
Data Scientist	dsa nlp flask sql data analysis	Bangalore	13LPA
Backend Developer	flask javascript aws linux java	Hyderabad	8LPA
Business Analyst	nodejs deep learning data analysis css machine learning	Noida	10LPA
Database Administrator	nlp networking tableau python pytorch	Delhi	13LPA
Software Engineer	deep learning algorithms machine learning javascript pytorch	Remote	7LPA
Data Scientist	css tensorflow kubernetes dsa flask	Delhi	10LPA
Python Developer	css mongodb c++ django sql	Delhi	7LPA
iOS Developer	django algorithms data analysis java dsa	Delhi	12LPA
DevOps Engineer	html flask pytorch data analysis tableau	Bangalore	11LPA
Cloud Engineer	security tensorflow c++ linux nodejs	Delhi	6LPA
AI Engineer	security linux tensorflow machine learning algorithms	Chandigarh	9LPA
Mobile App Developer	nlp nodejs machine learning azure java	Remote	9LPA
Database Administrator	python algorithms javascript docker aws	Chandigarh	9LPA
Web Developer	excel django nodejs machine learning python	Chandigarh	9LPA
Data Analyst	algorithms tensorflow pytorch aws c++	Chandigarh	15LPA
UI UX Designer	powerbi linux python data analysis javascript	Bangalore	10LPA
AI Engineer	aws powerbi pytorch azure mongodb	Noida	6LPA
UI UX Designer	tableau aws powerbi deep learning react	Delhi	13LPA
ML Engineer	deep learning tensorflow tableau css html	Remote	10LPA
Database Administrator	data analysis pytorch html tableau docker	Delhi	8LPA
Data Scientist	html excel python dsa java	Remote	14LPA
Frontend Developer	kubernetes nodejs tensorflow azure machine learning	Chandigarh	10LPA
Frontend Developer	html java kubernetes django excel	Delhi	12LPA
Python Developer	react linux aws python pytorch	Chandigarh	11LPA
iOS Developer	tensorflow nodejs mongodb django algorithms	Hyderabad	11LPA
Java Developer	kubernetes pytorch security react excel	Pune	8LPA
Java Developer	html kubernetes nodejs tableau aws	Noida	12LPA
Mobile App Developer	pytorch algorithms nlp sql linux	Delhi	13LPA
Cloud Engineer	tensorflow sql algorithms nodejs machine learning	Pune	11LPA
Game Developer	docker algorithms tensorflow excel javascript	Noida	9LPA
Data Analyst	aws security machine learning kubernetes react	Pune	11LPA
Data Scientist	dsa mongodb flask azure java	Noida	15LPA
AI Engineer	javascript django aws flask powerbi	Pune	10LPA
Python Developer	networking security excel c++ aws	Noida	5LPA
Business Analyst	sql machine learning javascript aws kubernetes	Delhi	7LPA
ML Engineer	dsa powerbi networking linux excel	Chandigarh	14LPA
AI Engineer	algorithms data analysis powerbi c++ react	Bangalore	7LPA
UI UX Designer	react aws java powerbi html	Hyderabad	12LPA
Data Scientist	machine learning java html tableau deep learning	Chandigarh	4LPA
DevOps Engineer	nlp python flask excel c++	Chandigarh	12LPA
AI Engineer	javascript linux html aws data analysis	Remote	8LPA
ML Engineer	javascript pytorch linux networking flask	Chandigarh	8LPA
Full Stack Developer	deep learning algorithms flask tensorflow pytorch	Delhi	4LPA
UI UX Designer	algorithms react flask dsa powerbi	Delhi	9LPA
Data Analyst	tensorflow java javascript excel algorithms	Remote	4LPA
Business Analyst	data analysis aws excel flask linux	Chandigarh	11LPA
Python Developer	flask html algorithms c++ nodejs	Bangalore	11LPA
Cloud Engineer	react dsa azure data analysis c++	Chandigarh	7LPA
Game Developer	azure machine learning powerbi flask docker	Pune	7LPA
Frontend Developer	react sql nlp python dsa	Remote	10LPA
ML Engineer	docker c++ data analysis aws sql	Remote	7LPA
Database Administrator	sql networking django python pytorch	Pune	6LPA
Data Analyst	aws azure kubernetes html algorithms	Delhi	15LPA
Game Developer	tensorflow sql flask python azure	Pune	4LPA
Data Analyst	azure react docker tensorflow aws	Hyderabad	11LPA
Business Analyst	excel nlp security algorithms html	Noida	12LPA
Game Developer	django tensorflow linux mongodb react	Noida	12LPA
UI UX Designer	security networking algorithms mongodb tensorflow	Hyderabad	9LPA
Web Developer	azure javascript nodejs nlp kubernetes	Delhi	8LPA
Software Engineer	html docker mongodb sql django	Remote	14LPA
Web Developer	html nodejs data analysis linux css	Chandigarh	12LPA
DevOps Engineer	data analysis nlp react pytorch django	Remote	12LPA
Python Developer	c++ docker excel dsa flask	Bangalore	12LPA
Backend Developer	sql c++ excel docker deep learning	Bangalore	7LPA
Game Developer	excel linux css python mongodb	Bangalore	11LPA
Frontend Developer	docker kubernetes nodejs machine learning networking	Remote	14LPA
AI Engineer	tableau javascript azure machine learning aws	Chandigarh	12LPA
iOS Developer	data analysis mongodb react flask excel	Pune	5LPA
Data Analyst	java sql dsa excel linux	Remote	12LPA
Mobile App Developer	machine learning java powerbi tensorflow aws	Remote	9LPA
Game Developer	flask aws django networking javascript	Delhi	15LPA
Frontend Developer	javascript data analysis kubernetes deep learning machine learning	Bangalore	9LPA
Cloud Engineer	react mongodb nlp javascript html	Remote	5LPA
Cyber Security Analyst	deep learning sql security nodejs tensorflow	Chandigarh	8LPA
Data Analyst	data analysis dsa django security java	Noida	13LPA
Game Developer	azure sql nodejs python kubernetes	Bangalore	13LPA
ML Engineer	c++ tensorflow data analysis mongodb excel	Remote	15LPA
Full Stack Developer	c++ aws algorithms html mongodb	Hyderabad	11LPA
Cyber Security Analyst	flask deep learning sql algorithms tableau	Chandigarh	6LPA
Game Developer	pytorch sql django python kubernetes	Remote	13LPA
Mobile App Developer	mongodb nodejs docker nlp tensorflow	Chandigarh	15LPA
Java Developer	nlp django nodejs docker networking	Bangalore	10LPA
DevOps Engineer	linux pytorch data analysis sql aws	Chandigarh	13LPA
Python Developer	kubernetes deep learning data analysis css html	Hyderabad	13LPA
Data Analyst	java sql deep learning nlp machine learning	Delhi	13LPA
Data Analyst	powerbi algorithms c++ javascript sql	Noida	12LPA
UI UX Designer	excel deep learning data analysis css java	Hyderabad	12LPA
AI Engineer	django sql azure powerbi security	Delhi	15LPA
Full Stack Developer	azure nodejs javascript security excel	Hyderabad	7LPA
Cyber Security Analyst	pytorch aws mongodb tableau kubernetes	Noida	12LPA
Frontend Developer	data analysis docker deep learning java html	Hyderabad	4LPA
Data Analyst	mongodb dsa tableau algorithms azure	Noida	11LPA
Software Engineer	django nodejs azure kubernetes sql	Delhi	13LPA
Business Analyst	css tableau deep learning django linux	Chandigarh	11LPA
Backend Developer	powerbi javascript flask security css	Bangalore	9LPA
Frontend Developer	data analysis azure nodejs react networking	Bangalore	15LPA
Cyber Security Analyst	javascript html excel pytorch aws	Bangalore	4LPA
ML Engineer	nodejs html deep learning tensorflow pytorch	Pune	7LPA
Data Analyst	css dsa sql docker pytorch	Noida	8LPA
Web Developer	deep learning flask azure java tableau	Hyderabad	6LPA
Mobile App Developer	sql django excel machine learning tableau	Chandigarh	14LPA
Database Administrator	kubernetes django python docker azure	Chandigarh	6LPA
Full Stack Developer	tensorflow flask aws sql mongodb	Remote	7LPA
Data Analyst	excel azure deep learning mongodb algorithms	Remote	9LPA
DevOps Engineer	html pytorch azure nodejs powerbi	Remote	14LPA
DevOps Engineer	machine learning tensorflow aws javascript kubernetes	Pune	11LPA
Mobile App Developer	tensorflow linux algorithms mongodb django	Hyderabad	8LPA
Python Developer	react django linux sql dsa	Bangalore	8LPA
DevOps Engineer	pytorch react java excel javascript	Chandigarh	9LPA
Database Administrator	c++ django html dsa react	Hyderabad	12LPA
iOS Developer	flask docker sql html machine learning	Delhi	4LPA
AI Engineer	tableau docker azure aws algorithms	Bangalore	11LPA
iOS Developer	nlp dsa powerbi javascript react	Delhi	13LPA
Cloud Engineer	tensorflow dsa c++ react sql	Hyderabad	14LPA
Database Administrator	dsa kubernetes flask html aws	Chandigarh	9LPA
Data Analyst	aws pytorch django c++ docker	Chandigarh	7LPA
Software Engineer	aws mongodb javascript css algorithms	Noida	8LPA
Cyber Security Analyst	azure kubernetes tableau aws algorithms	Bangalore	7LPA
iOS Developer	data analysis networking python flask mongodb	Chandigarh	7LPA
Business Analyst	c++ excel nlp python react	Delhi	9LPA
Data Scientist	deep learning dsa python azure mongodb	Bangalore	9LPA
DevOps Engineer	pytorch data analysis machine learning excel nodejs	Bangalore	14LPA
Game Developer	excel css azure tensorflow security	Hyderabad	5LPA
UI UX Designer	kubernetes data analysis excel nodejs python	Pune	4LPA
Mobile App Developer	linux react docker sql kubernetes	Remote	14LPA
Mobile App Developer	azure kubernetes dsa tableau deep learning	Chandigarh	13LPA
UI UX Designer	algorithms tensorflow excel mongodb c++	Remote	8LPA
Software Engineer	sql tensorflow security react mongodb	Hyderabad	11LPA
Business Analyst	css dsa django nlp azure	Delhi	10LPA
Data Analyst	css networking nlp dsa security	Remote	11LPA
ML Engineer	sql data analysis html nlp powerbi	Hyderabad	13LPA
Frontend Developer	powerbi deep learning python azure security	Hyderabad	7LPA
Backend Developer	tensorflow mongodb dsa docker flask	Remote	12LPA
ML Engineer	excel data analysis powerbi algorithms linux	Bangalore	11LPA
Software Engineer	kubernetes sql security docker networking	Hyderabad	12LPA
Game Developer	dsa excel java deep learning nlp	Remote	15LPA
Software Engineer	react nlp powerbi django networking	Noida	14LPA
Software Engineer	tableau react django sql tensorflow	Delhi	15LPA
Frontend Developer	tensorflow deep learning html powerbi nlp	Remote	13LPA
Frontend Developer	deep learning data analysis flask security tensorflow	Hyderabad	4LPA
Backend Developer	css kubernetes flask machine learning react	Remote	11LPA
Frontend Developer	aws html nlp data analysis css	Hyderabad	6LPA
DevOps Engineer	linux c++ deep learning docker java	Bangalore	4LPA
Software Engineer	data analysis dsa powerbi algorithms c++	Bangalore	11LPA
Business Analyst	react algorithms security python tensorflow	Noida	4LPA
Web Developer	flask data analysis algorithms networking aws	Hyderabad	9LPA
DevOps Engineer	nlp c++ java machine learning deep learning	Noida	10LPA
Business Analyst	nodejs c++ dsa algorithms javascript	Bangalore	7LPA
AI Engineer	python azure javascript nodejs machine learning	Noida	7LPA
Database Administrator	django c++ css flask tableau	Bangalore	9LPA
ML Engineer	flask data analysis kubernetes css azure	Pune	13LPA
Mobile App Developer	nlp azure sql c++ deep learning	Bangalore	11LPA
Cyber Security Analyst	aws networking css algorithms deep learning	Hyderabad	5LPA
Frontend Developer	flask django javascript machine learning azure	Noida	12LPA
DevOps Engineer	nlp pytorch java deep learning tableau	Remote	6LPA
Software Engineer	aws linux python javascript pytorch	Hyderabad	4LPA
Web Developer	networking aws algorithms python azure	Hyderabad	13LPA
Backend Developer	css networking excel c++ mongodb	Noida	8LPA
Python Developer	pytorch javascript react nodejs powerbi	Delhi	4LPA
Database Administrator	excel aws tableau security java	Pune	9LPA
ML Engineer	python tableau django linux aws	Chandigarh	6LPA
AI Engineer	html pytorch javascript sql java	Noida	4LPA
Data Scientist	java flask docker machine learning react	Bangalore	7LPA
Cyber Security Analyst	deep learning html python azure networking	Chandigarh	11LPA
Mobile App Developer	mongodb css security dsa nodejs	Hyderabad	13LPA
Cloud Engineer	aws azure python flask deep learning	Remote	6LPA
Database Administrator	javascript security python dsa sql	Noida	11LPA
Business Analyst	kubernetes c++ powerbi mongodb html	Pune	13LPA
Cloud Engineer	react machine learning algorithms azure javascript	Pune	7LPA
Data Analyst	dsa deep learning sql django excel	Hyderabad	8LPA
Python Developer	networking pytorch html sql security	Bangalore	8LPA
Cloud Engineer	azure react linux kubernetes css	Hyderabad	6LPA
Software Engineer	nodejs sql css tableau c++	Pune	7LPA
UI UX Designer	dsa data analysis kubernetes python excel	Chandigarh	4LPA
Database Administrator	pytorch nlp nodejs networking security	Noida	13LPA
Software Engineer	javascript dsa nodejs kubernetes docker	Pune	7LPA
Java Developer	machine learning mongodb html excel docker	Pune	9LPA
iOS Developer	django machine learning html kubernetes c++	Noida	13LPA
Python Developer	deep learning python tableau django java	Hyderabad	15LPA
Java Developer	algorithms machine learning linux python deep learning	Noida	5LPA
ML Engineer	flask nodejs django c++ tableau	Chandigarh	14LPA
Java Developer	docker kubernetes django security react	Pune	11LPA
Software Engineer	python excel powerbi machine learning data analysis	Bangalore	5LPA
Data Scientist	python nlp c++ sql linux	Delhi	5LPA
Web Developer	tableau nlp c++ powerbi mongodb	Delhi	14LPA
Backend Developer	c++ docker javascript css kubernetes	Noida	12LPA
Java Developer	azure sql dsa pytorch data analysis	Hyderabad	4LPA
ML Engineer	nodejs tensorflow sql mongodb security	Hyderabad	13LPA
Business Analyst	pytorch javascript python flask dsa	Hyderabad	13LPA
Business Analyst	css java docker nlp algorithms	Noida	12LPA
Business Analyst	tensorflow python kubernetes security nodejs	Hyderabad	6LPA
Data Scientist	data analysis excel azure networking mongodb	Hyderabad	15LPA
iOS Developer	pytorch aws c++ security networking	Delhi	14LPA
Mobile App Developer	tensorflow nlp c++ sql javascript	Hyderabad	7LPA
Web Developer	excel security c++ aws nlp	Chandigarh	11LPA
Business Analyst	java kubernetes mongodb security docker	Hyderabad	10LPA
Data Analyst	powerbi react nlp azure java	Hyderabad	10LPA
iOS Developer	docker javascript django tableau algorithms	Bangalore	5LPA
DevOps Engineer	dsa react css powerbi mongodb	Bangalore	7LPA
iOS Developer	css pytorch nlp javascript python	Delhi	14LPA
iOS Developer	pytorch sql nlp mongodb aws	Delhi	5LPA
Game Developer	javascript excel kubernetes sql linux	Remote	13LPA
Python Developer	nlp pytorch powerbi networking html	Pune	4LPA
Cloud Engineer	python networking nodejs kubernetes nlp	Pune	7LPA
Python Developer	tensorflow deep learning django nodejs tableau	Bangalore	4LPA
Backend Developer	security networking java django dsa	Bangalore	9LPA
Cloud Engineer	java flask algorithms data analysis tableau	Delhi	7LPA
AI Engineer	kubernetes javascript java html tensorflow	Remote	8LPA
UI UX Designer	deep learning sql azure networking excel	Remote	4LPA
Frontend Developer	css pytorch algorithms html nlp	Remote	15LPA
Cyber Security Analyst	mongodb nodejs excel machine learning security	Hyderabad	15LPA
ML Engineer	pytorch python flask azure networking	Pune	12LPA
iOS Developer	security mongodb linux css flask	Delhi	5LPA
Cyber Security Analyst	aws flask c++ react pytorch	Bangalore	14LPA
Python Developer	sql tableau machine learning java docker	Pune	5LPA
Cloud Engineer	dsa django mongodb docker aws	Hyderabad	14LPA
iOS Developer	css dsa sql machine learning networking	Hyderabad	6LPA
AI Engineer	dsa excel docker c++ java	Pune	6LPA
UI UX Designer	kubernetes tensorflow excel networking deep learning	Delhi	14LPA
Python Developer	kubernetes mongodb azure pytorch aws	Pune	11LPA
Frontend Developer	machine learning tableau kubernetes dsa pytorch	Noida	11LPA
Data Analyst	data analysis powerbi javascript kubernetes dsa	Chandigarh	14LPA
Software Engineer	security django javascript docker python	Delhi	11LPA
Cloud Engineer	algorithms nlp machine learning sql dsa	Bangalore	10LPA
Data Scientist	linux kubernetes sql nodejs django	Remote	11LPA
UI UX Designer	tensorflow nodejs css data analysis deep learning	Remote	12LPA
AI Engineer	machine learning mongodb c++ docker networking	Delhi	5LPA
Software Engineer	nlp nodejs c++ sql linux	Delhi	9LPA
Software Engineer	data analysis django flask css sql	Noida	12LPA
Data Scientist	sql c++ powerbi networking mongodb	Remote	5LPA
Database Administrator	deep learning machine learning html kubernetes dsa	Bangalore	4LPA
iOS Developer	django data analysis mongodb react c++	Delhi	6LPA
Database Administrator	deep learning machine learning networking azure sql	Pune	12LPA
Data Scientist	powerbi javascript docker python html	Remote	6LPA
Full Stack Developer	machine learning sql networking excel flask	Bangalore	15LPA
Python Developer	machine learning pytorch javascript html excel	Remote	11LPA
Database Administrator	dsa nodejs flask networking c++	Delhi	5LPA
Backend Developer	algorithms mongodb networking django javascript	Noida	5LPA
Database Administrator	flask mongodb machine learning javascript azure	Noida	8LPA
UI UX Designer	nodejs flask tensorflow networking javascript	Pune	15LPA
Backend Developer	docker machine learning html excel pytorch	Chandigarh	12LPA
UI UX Designer	data analysis dsa mongodb css javascript	Pune	12LPA
Web Developer	docker nodejs kubernetes java sql	Noida	7LPA
Data Scientist	docker css excel azure aws	Pune	4LPA
Backend Developer	docker java deep learning dsa security	Bangalore	14LPA
Python Developer	machine learning aws mongodb azure deep learning	Hyderabad	7LPA
Business Analyst	django networking nlp c++ docker	Pune	12LPA
Backend Developer	kubernetes tableau html mongodb dsa	Pune	8LPA
iOS Developer	flask networking data analysis azure sql	Remote	11LPA
Business Analyst	machine learning nlp aws mongodb nodejs	Remote	15LPA
Mobile App Developer	powerbi excel linux aws pytorch	Pune	7LPA
ML Engineer	javascript sql python docker deep learning	Delhi	7LPA
Database Administrator	tensorflow deep learning nlp css linux	Bangalore	5LPA
ML Engineer	tableau azure flask django aws	Chandigarh	11LPA
ML Engineer	azure nlp c++ java algorithms	Noida	7LPA
Frontend Developer	nlp nodejs javascript c++ css	Hyderabad	9LPA
Database Administrator	data analysis javascript mongodb pytorch algorithms	Delhi	5LPA
Frontend Developer	java linux tableau dsa machine learning	Hyderabad	5LPA
Database Administrator	azure powerbi linux flask java	Pune	15LPA
Database Administrator	docker html javascript kubernetes react	Remote	14LPA
Data Scientist	flask excel dsa python kubernetes	Bangalore	6LPA
Python Developer	docker azure data analysis javascript django	Pune	7LPA
iOS Developer	sql linux java nlp powerbi	Noida	14LPA
Frontend Developer	flask machine learning data analysis css django	Chandigarh	7LPA
Cyber Security Analyst	react machine learning azure java mongodb	Delhi	6LPA
Backend Developer	python html flask data analysis azure	Chandigarh	12LPA
Mobile App Developer	c++ algorithms dsa tensorflow css	Pune	5LPA
Mobile App Developer	flask networking excel aws react	Remote	10LPA
Game Developer	tableau powerbi pytorch security algorithms	Delhi	9LPA
ML Engineer	javascript nlp linux excel mongodb	Delhi	8LPA
Data Analyst	django aws excel security deep learning	Hyderabad	11LPA
Cloud Engineer	pytorch c++ dsa nodejs python	Noida	4LPA
Software Engineer	sql algorithms excel powerbi azure	Noida	9LPA
Mobile App Developer	security tensorflow django html python	Pune	12LPA
Business Analyst	linux machine learning html mongodb deep learning	Pune	14LPA
Database Administrator	javascript deep learning python dsa flask	Delhi	12LPA
Mobile App Developer	html mongodb c++ nodejs nlp	Hyderabad	5LPA
Web Developer	deep learning dsa aws tableau sql	Remote	6LPA
Java Developer	django deep learning docker networking react	Chandigarh	6LPA
iOS Developer	tensorflow mongodb nodejs algorithms django	Pune	4LPA
Game Developer	networking aws nlp tensorflow dsa	Pune	10LPA
ML Engineer	python django powerbi react mongodb	Hyderabad	7LPA
Full Stack Developer	machine learning kubernetes security sql flask	Remote	15LPA
Full Stack Developer	django kubernetes machine learning pytorch mongodb	Delhi	4LPA
Mobile App Developer	flask data analysis sql aws pytorch	Bangalore	6LPA
AI Engineer	flask pytorch sql data analysis networking	Pune	14LPA
Database Administrator	react machine learning data analysis django tensorflow	Noida	14LPA
Database Administrator	tableau react aws django linux	Noida	11LPA
Database Administrator	tensorflow deep learning excel tableau dsa	Bangalore	8LPA
Data Analyst	azure excel javascript django nodejs	Hyderabad	11LPA
Data Scientist	aws azure kubernetes javascript powerbi	Noida	14LPA
Data Scientist	c++ powerbi aws docker html	Chandigarh	5LPA
Data Scientist	javascript docker kubernetes azure c++	Noida	13LPA
Backend Developer	tensorflow tableau c++ pytorch dsa	Bangalore	10LPA
AI Engineer	security linux powerbi javascript python	Chandigarh	5LPA
ML Engineer	sql flask docker pytorch html	Noida	9LPA
Backend Developer	flask data analysis aws nodejs pytorch	Chandigarh	9LPA
Full Stack Developer	c++ algorithms data analysis linux security	Hyderabad	4LPA
Data Analyst	data analysis docker c++ react deep learning	Remote	12LPA
Backend Developer	machine learning tensorflow linux aws powerbi	Noida	9LPA
DevOps Engineer	aws security c++ sql pytorch	Pune	11LPA
Game Developer	react deep learning security django linux	Noida	15LPA
Cyber Security Analyst	networking django tensorflow linux pytorch	Delhi	15LPA
Data Analyst	nodejs react machine learning docker aws	Hyderabad	4LPA
UI UX Designer	nodejs machine learning azure html tensorflow	Noida	14LPA
Backend Developer	pytorch dsa aws docker mongodb	Delhi	15LPA
Web Developer	azure kubernetes pytorch nlp react	Bangalore	13LPA
Software Engineer	security nodejs data analysis pytorch docker	Remote	15LPA
Web Developer	tensorflow security flask html java	Pune	7LPA
Java Developer	python nodejs machine learning mongodb sql	Hyderabad	4LPA
Web Developer	css algorithms dsa kubernetes machine learning	Noida	13LPA
Cyber Security Analyst	flask data analysis nodejs c++ mongodb	Hyderabad	5LPA
Cyber Security Analyst	tableau java nodejs dsa sql	Pune	4LPA
AI Engineer	pytorch algorithms java azure aws	Hyderabad	5LPA
Game Developer	python c++ data analysis kubernetes powerbi	Bangalore	12LPA
iOS Developer	data analysis tableau algorithms deep learning kubernetes	Pune	10LPA
Mobile App Developer	javascript python kubernetes deep learning java	Noida	7LPA
AI Engineer	css algorithms dsa deep learning python	Delhi	6LPA
Mobile App Developer	tableau networking tensorflow java css	Hyderabad	15LPA
iOS Developer	pytorch tensorflow html sql networking	Noida	12LPA
Backend Developer	sql java algorithms tableau css	Pune	4LPA
Frontend Developer	tableau linux kubernetes nodejs html	Noida	7LPA
AI Engineer	react nlp machine learning tensorflow sql	Chandigarh	6LPA
Database Administrator	css powerbi deep learning sql aws	Delhi	4LPA
iOS Developer	deep learning dsa linux django mongodb	Chandigarh	9LPA
AI Engineer	c++ flask networking excel linux	Bangalore	15LPA
Java Developer	linux tensorflow kubernetes excel javascript	Bangalore	5LPA
ML Engineer	javascript deep learning machine learning dsa powerbi	Remote	13LPA
Full Stack Developer	algorithms react python tensorflow excel	Chandigarh	8LPA
Mobile App Developer	algorithms aws dsa nlp python	Delhi	8LPA
Game Developer	python react kubernetes c++ html	Hyderabad	15LPA
Mobile App Developer	django security linux aws machine learning	Hyderabad	13LPA
Software Engineer	c++ tensorflow pytorch python linux	Delhi	12LPA
Backend Developer	react java docker azure django	Delhi	6LPA
Backend Developer	security aws machine learning dsa tensorflow	Bangalore	10LPA
Database Administrator	networking css c++ docker excel	Hyderabad	12LPA
Frontend Developer	deep learning algorithms powerbi machine learning dsa	Hyderabad	14LPA
ML Engineer	tensorflow pytorch data analysis nlp html	Bangalore	15LPA
Frontend Developer	mongodb pytorch tableau sql tensorflow	Bangalore	8LPA
Cyber Security Analyst	algorithms css excel tableau react	Hyderabad	13LPA
Data Analyst	django nodejs mongodb java html	Delhi	13LPA
iOS Developer	java tableau azure c++ django	Remote	14LPA
Software Engineer	sql security html css machine learning	Delhi	6LPA
Cyber Security Analyst	nodejs data analysis security flask networking	Noida	11LPA
Frontend Developer	react javascript algorithms java nlp	Remote	15LPA
Data Analyst	tensorflow css deep learning kubernetes pytorch	Chandigarh	15LPA
Business Analyst	sql flask python tensorflow pytorch	Bangalore	4LPA
iOS Developer	java excel azure docker machine learning	Noida	9LPA
Game Developer	flask azure algorithms machine learning tensorflow	Delhi	13LPA
Database Administrator	powerbi kubernetes algorithms pytorch dsa	Delhi	5LPA
Game Developer	powerbi machine learning c++ pytorch django	Noida	14LPA
Python Developer	machine learning html security docker python	Chandigarh	11LPA
Backend Developer	mongodb algorithms tableau nodejs javascript	Pune	10LPA
Data Analyst	tableau c++ html python security	Remote	5LPA
Game Developer	sql algorithms tableau machine learning tensorflow	Remote	12LPA
UI UX Designer	mongodb react linux c++ machine learning	Pune	9LPA
iOS Developer	nodejs nlp sql networking kubernetes	Bangalore	8LPA
AI Engineer	java algorithms excel data analysis aws	Noida	15LPA
Data Scientist	python algorithms azure machine learning java	Noida	5LPA
Game Developer	deep learning aws tableau nodejs css	Chandigarh	11LPA
Java Developer	docker linux algorithms deep learning nodejs	Chandigarh	15LPA
Frontend Developer	aws react algorithms tensorflow css	Chandigarh	7LPA
DevOps Engineer	machine learning algorithms data analysis docker dsa	Hyderabad	11LPA
Game Developer	mongodb networking docker react aws	Hyderabad	10LPA
Data Analyst	nlp django tensorflow dsa python	Pune	14LPA
Database Administrator	html linux css mongodb pytorch	Pune	5LPA
Game Developer	tableau excel python data analysis flask	Noida	4LPA
Python Developer	c++ python linux machine learning pytorch	Hyderabad	11LPA
Frontend Developer	nlp powerbi python tableau security	Remote	9LPA
Python Developer	data analysis aws java html javascript	Chandigarh	14LPA
Software Engineer	flask java data analysis powerbi sql	Bangalore	4LPA
Java Developer	data analysis java c++ linux networking	Hyderabad	8LPA
Java Developer	mongodb pytorch kubernetes tableau react	Noida	5LPA
Game Developer	html mongodb nlp algorithms css	Remote	8LPA
Game Developer	tableau dsa javascript react data analysis	Bangalore	7LPA
ML Engineer	azure java data analysis machine learning aws	Delhi	8LPA
Data Scientist	aws c++ pytorch data analysis machine learning	Bangalore	4LPA
Data Analyst	javascript react java python excel	Hyderabad	8LPA
iOS Developer	docker mongodb machine learning dsa deep learning	Pune	8LPA
Data Analyst	deep learning machine learning c++ css kubernetes	Remote	8LPA
Cyber Security Analyst	python java dsa machine learning networking	Remote	6LPA
Full Stack Developer	django kubernetes javascript docker nlp	Noida	6LPA
Cyber Security Analyst	java tensorflow nlp excel dsa	Pune	13LPA
ML Engineer	c++ data analysis algorithms kubernetes azure	Bangalore	4LPA
iOS Developer	tensorflow java excel mongodb aws	Delhi	4LPA
Java Developer	deep learning tensorflow azure django dsa	Chandigarh	6LPA
ML Engineer	c++ excel nlp algorithms java	Noida	9LPA
Backend Developer	dsa excel tensorflow kubernetes python	Delhi	15LPA
Mobile App Developer	dsa tableau algorithms html nodejs	Chandigarh	14LPA
Backend Developer	css tableau react javascript docker	Bangalore	8LPA
ML Engineer	sql docker machine learning azure tensorflow	Delhi	11LPA
Data Analyst	c++ react django python deep learning	Pune	11LPA
Data Scientist	deep learning networking algorithms docker excel	Chandigarh	10LPA
Backend Developer	sql c++ powerbi algorithms docker	Chandigarh	13LPA
AI Engineer	linux tensorflow excel sql nodejs	Hyderabad	10LPA
Data Scientist	deep learning excel docker powerbi java	Pune	7LPA
Data Scientist	sql c++ algorithms linux tensorflow	Bangalore	5LPA
Python Developer	javascript powerbi data analysis docker mongodb	Delhi	8LPA
Game Developer	tensorflow security excel tableau kubernetes	Chandigarh	6LPA
Backend Developer	css docker pytorch flask python	Pune	7LPA
Data Scientist	css kubernetes linux java pytorch	Chandigarh	7LPA
Java Developer	css django networking nodejs html	Delhi	9LPA
Mobile App Developer	azure pytorch c++ data analysis docker	Noida	7LPA
Business Analyst	css pytorch linux networking security	Pune	8LPA
Database Administrator	linux tensorflow html java powerbi	Delhi	15LPA
Web Developer	deep learning tensorflow algorithms react flask	Noida	10LPA
Data Scientist	networking machine learning sql javascript mongodb	Delhi	10LPA
Web Developer	javascript data analysis excel sql html	Hyderabad	6LPA
Full Stack Developer	nodejs networking flask machine learning algorithms	Remote	9LPA
Python Developer	docker security nlp django tableau	Remote	13LPA
AI Engineer	tableau kubernetes mongodb tensorflow dsa	Remote	7LPA
Data Scientist	sql linux nodejs django pytorch	Hyderabad	4LPA
Full Stack Developer	networking sql css machine learning java	Hyderabad	15LPA
Game Developer	aws dsa deep learning linux nlp	Chandigarh	13LPA
Database Administrator	docker deep learning tensorflow data analysis linux	Pune	13LPA
Python Developer	react python data analysis django dsa	Bangalore	10LPA
Data Analyst	docker pytorch nlp react django	Bangalore	15LPA
Data Scientist	tableau html c++ machine learning azure	Delhi	11LPA
ML Engineer	flask pytorch python linux sql	Hyderabad	15LPA
AI Engineer	c++ react powerbi docker flask	Bangalore	10LPA
Data Analyst	azure javascript powerbi css python	Pune	9LPA
Cloud Engineer	powerbi tableau linux nlp c++	Hyderabad	13LPA
ML Engineer	docker linux nlp dsa tensorflow	Bangalore	5LPA
UI UX Designer	excel tableau css deep learning html	Bangalore	4LPA
ML Engineer	react mongodb python networking pytorch	Bangalore	13LPA
Python Developer	excel docker java sql nlp	Hyderabad	9LPA
Python Developer	html mongodb algorithms css security	Hyderabad	15LPA
AI Engineer	excel nodejs docker flask pytorch	Hyderabad	12LPA
Mobile App Developer	flask mongodb algorithms networking tableau	Pune	5LPA
Python Developer	flask nodejs deep learning aws react	Chandigarh	8LPA
Full Stack Developer	dsa javascript django linux tableau	Bangalore	8LPA
Game Developer	mongodb networking aws nodejs linux	Chandigarh	13LPA
Data Analyst	docker powerbi kubernetes c++ react	Remote	11LPA
Full Stack Developer	machine learning python data analysis linux tensorflow	Chandigarh	6LPA
DevOps Engineer	excel flask linux machine learning deep learning	Bangalore	6LPA
Software Engineer	mongodb css flask deep learning linux	Pune	9LPA
Python Developer	c++ react tableau sql security	Pune	9LPA
DevOps Engineer	pytorch flask dsa c++ tensorflow	Noida	10LPA
Software Engineer	react tableau deep learning mongodb machine learning	Hyderabad	13LPA
Backend Developer	flask javascript machine learning nodejs c++	Pune	11LPA
Web Developer	java nodejs azure javascript deep learning	Hyderabad	5LPA
Web Developer	javascript deep learning kubernetes flask css	Noida	4LPA
Mobile App Developer	nlp networking excel mongodb javascript	Pune	14LPA
ML Engineer	excel machine learning networking docker javascript	Bangalore	14LPA
AI Engineer	sql linux docker nodejs javascript	Remote	12LPA
AI Engineer	tensorflow powerbi nlp networking docker	Remote	4LPA
Game Developer	excel linux nodejs deep learning dsa	Hyderabad	15LPA
Backend Developer	pytorch data analysis java security css	Noida	10LPA
Java Developer	algorithms dsa nlp mongodb css	Remote	6LPA
Full Stack Developer	networking nlp tensorflow dsa mongodb	Remote	13LPA
Backend Developer	excel flask machine learning java security	Hyderabad	8LPA
ML Engineer	linux deep learning nlp networking nodejs	Chandigarh	7LPA
Cloud Engineer	excel data analysis tensorflow deep learning django	Noida	11LPA
Web Developer	algorithms kubernetes nodejs tableau excel	Bangalore	5LPA
DevOps Engineer	algorithms linux machine learning python data analysis	Bangalore	7LPA
Software Engineer	azure excel networking java nlp	Delhi	12LPA
Mobile App Developer	nodejs powerbi tableau deep learning django	Noida	8LPA
Web Developer	react mongodb excel javascript machine learning	Bangalore	7LPA
Full Stack Developer	pytorch dsa azure aws linux	Bangalore	14LPA
UI UX Designer	powerbi c++ machine learning data analysis python	Delhi	6LPA
Frontend Developer	algorithms html tableau django security	Chandigarh	14LPA
Database Administrator	tableau networking data analysis machine learning c++	Hyderabad	10LPA
iOS Developer	flask react python data analysis docker	Hyderabad	6LPA
Cloud Engineer	networking nlp kubernetes data analysis dsa	Remote	6LPA
ML Engineer	tableau java html dsa powerbi	Hyderabad	12LPA
Frontend Developer	react azure flask python machine learning	Delhi	15LPA
Database Administrator	excel machine learning nodejs mongodb tableau	Hyderabad	4LPA
Game Developer	data analysis java deep learning django azure	Hyderabad	8LPA
Web Developer	css java tableau data analysis html	Remote	11LPA
Data Scientist	nlp html java django css	Pune	8LPA
Python Developer	java tableau react machine learning python	Noida	10LPA
Business Analyst	kubernetes dsa docker sql excel	Chandigarh	14LPA
Cloud Engineer	sql machine learning powerbi python security	Chandigarh	14LPA
iOS Developer	linux docker python sql algorithms	Pune	12LPA
Mobile App Developer	java data analysis networking deep learning pytorch	Hyderabad	5LPA
Cloud Engineer	excel linux powerbi django tensorflow	Hyderabad	8LPA
Web Developer	tensorflow flask powerbi algorithms java	Pune	10LPA
Cyber Security Analyst	sql deep learning tableau react java	Hyderabad	9LPA
Frontend Developer	networking deep learning security azure powerbi	Remote	7LPA
ML Engineer	security algorithms azure deep learning mongodb	Hyderabad	14LPA
Full Stack Developer	kubernetes docker sql data analysis html	Bangalore	5LPA
Data Analyst	deep learning pytorch css html data analysis	Bangalore	13LPA
Cloud Engineer	nodejs html javascript mongodb azure	Delhi	14LPA
Data Analyst	dsa tensorflow azure mongodb sql	Noida	13LPA
AI Engineer	docker css security azure mongodb	Chandigarh	11LPA
Web Developer	mongodb machine learning c++ pytorch data analysis	Chandigarh	6LPA
Business Analyst	html nlp react security algorithms	Delhi	12LPA
ML Engineer	algorithms data analysis java excel mongodb	Hyderabad	15LPA
Data Analyst	html linux react c++ data analysis	Hyderabad	12LPA
AI Engineer	algorithms linux data analysis aws networking	Chandigarh	6LPA
Database Administrator	nodejs pytorch c++ machine learning django	Delhi	7LPA
DevOps Engineer	powerbi docker nlp sql security	Bangalore	13LPA
Web Developer	c++ azure java linux data analysis	Chandigarh	10LPA
iOS Developer	tableau excel deep learning javascript azure	Delhi	8LPA
Data Scientist	java aws security react data analysis	Delhi	14LPA
Data Analyst	powerbi excel aws networking security	Delhi	12LPA
iOS Developer	docker kubernetes react python security	Hyderabad	13LPA
Database Administrator	networking data analysis react mongodb python	Delhi	14LPA
Frontend Developer	python nodejs deep learning data analysis machine learning	Pune	5LPA
Game Developer	azure docker deep learning html nodejs	Delhi	14LPA
Software Engineer	pytorch flask c++ algorithms tensorflow	Hyderabad	8LPA
Frontend Developer	nodejs dsa css mongodb html	Delhi	12LPA
Mobile App Developer	deep learning pytorch security sql tableau	Pune	5LPA
Frontend Developer	dsa css powerbi machine learning mongodb	Delhi	13LPA
Frontend Developer	html sql tableau aws linux	Bangalore	11LPA
Mobile App Developer	html powerbi python java css	Hyderabad	15LPA
Database Administrator	tableau java networking c++ azure	Delhi	8LPA
Python Developer	tensorflow python data analysis deep learning powerbi	Remote	12LPA
Mobile App Developer	tensorflow powerbi c++ sql django	Delhi	6LPA
Java Developer	algorithms flask nlp python dsa	Noida	6LPA
AI Engineer	docker azure html css deep learning	Delhi	12LPA
Backend Developer	pytorch django data analysis html linux	Hyderabad	13LPA
Frontend Developer	data analysis security python excel docker	Hyderabad	4LPA
Cloud Engineer	react flask security mongodb linux	Bangalore	7LPA
iOS Developer	c++ javascript nodejs nlp algorithms	Hyderabad	5LPA
Backend Developer	security algorithms data analysis tableau css	Pune	11LPA
Java Developer	python linux html dsa networking	Chandigarh	5LPA
Software Engineer	linux azure kubernetes deep learning machine learning	Bangalore	13LPA
UI UX Designer	c++ kubernetes javascript django azure	Bangalore	9LPA
iOS Developer	azure excel nlp deep learning react	Remote	15LPA
Database Administrator	deep learning react aws nlp linux	Delhi	8LPA
Cloud Engineer	networking sql python powerbi kubernetes	Chandigarh	4LPA
Frontend Developer	kubernetes machine learning sql nlp javascript	Pune	5LPA
UI UX Designer	nlp deep learning tensorflow linux javascript	Chandigarh	9LPA
Database Administrator	nlp algorithms dsa deep learning aws	Delhi	15LPA
Business Analyst	nodejs c++ powerbi aws pytorch	Pune	13LPA
Full Stack Developer	tableau excel javascript sql aws	Remote	6LPA
Backend Developer	pytorch sql algorithms data analysis c++	Hyderabad	9LPA
Business Analyst	django machine learning nlp java react	Remote	11LPA
ML Engineer	nlp docker security algorithms networking	Noida	13LPA
Frontend Developer	java azure sql dsa javascript	Noida	8LPA
Data Scientist	java nodejs docker data analysis html	Bangalore	4LPA
Backend Developer	azure deep learning algorithms django html	Hyderabad	13LPA
UI UX Designer	react algorithms mongodb django c++	Delhi	14LPA
Java Developer	c++ html java tensorflow dsa	Pune	12LPA
Business Analyst	tensorflow security nlp linux algorithms	Hyderabad	13LPA
Frontend Developer	java django dsa algorithms html	Noida	4LPA
Game Developer	css tensorflow nlp django powerbi	Delhi	7LPA
Frontend Developer	azure aws algorithms linux python	Hyderabad	14LPA
Software Engineer	azure sql aws python nodejs	Chandigarh	8LPA
Cyber Security Analyst	tensorflow azure data analysis python nlp	Noida	8LPA
Backend Developer	javascript react aws linux c++	Pune	10LPA
Backend Developer	dsa django excel powerbi mongodb	Pune	8LPA
Business Analyst	dsa algorithms networking python sql	Remote	14LPA
Java Developer	kubernetes aws django python networking	Chandigarh	7LPA
Web Developer	excel tableau deep learning django kubernetes	Noida	7LPA
Python Developer	networking azure sql pytorch excel	Remote	10LPA
Data Analyst	aws powerbi kubernetes data analysis html	Hyderabad	4LPA
Game Developer	django mongodb kubernetes azure tableau	Hyderabad	6LPA
Data Analyst	flask data analysis excel html aws	Remote	11LPA
Cyber Security Analyst	nodejs react powerbi javascript css	Noida	13LPA
Java Developer	linux python html dsa excel	Pune	5LPA
AI Engineer	algorithms deep learning machine learning security sql	Hyderabad	11LPA
Web Developer	django powerbi html flask c++	Remote	9LPA
Mobile App Developer	deep learning html mongodb azure c++	Hyderabad	15LPA
Data Analyst	java docker networking machine learning powerbi	Noida	10LPA
Software Engineer	aws machine learning powerbi html dsa	Pune	8LPA
Frontend Developer	machine learning css java excel c++	Hyderabad	7LPA
Full Stack Developer	css azure mongodb networking data analysis	Remote	5LPA
Data Scientist	nlp tensorflow dsa azure data analysis	Bangalore	15LPA
Cloud Engineer	nlp tensorflow azure pytorch javascript	Remote	15LPA
Data Scientist	security nodejs sql deep learning java	Hyderabad	5LPA
ML Engineer	algorithms c++ docker linux python	Delhi	11LPA
iOS Developer	networking dsa mongodb aws javascript	Bangalore	11LPA
Game Developer	mongodb javascript django python data analysis	Pune	4LPA
ML Engineer	kubernetes flask tensorflow tableau css	Hyderabad	9LPA
Mobile App Developer	c++ machine learning javascript powerbi react	Pune	15LPA
Backend Developer	sql powerbi kubernetes dsa nodejs	Bangalore	11LPA
Business Analyst	html linux python networking data analysis	Pune	11LPA
DevOps Engineer	mongodb tensorflow nodejs java css	Delhi	9LPA
Java Developer	machine learning deep learning docker data analysis nodejs	Pune	12LPA
DevOps Engineer	tensorflow deep learning docker html powerbi	Hyderabad	14LPA
DevOps Engineer	python networking azure css deep learning	Noida	12LPA
AI Engineer	kubernetes pytorch powerbi algorithms sql	Delhi	12LPA
Full Stack Developer	react html data analysis powerbi algorithms	Hyderabad	12LPA
Cloud Engineer	pytorch nodejs excel security dsa	Chandigarh	15LPA
Mobile App Developer	aws sql deep learning linux excel	Bangalore	15LPA
iOS Developer	java django tableau networking html	Delhi	7LPA
iOS Developer	c++ html flask algorithms networking	Bangalore	14LPA
Java Developer	nodejs sql powerbi html react	Hyderabad	4LPA
ML Engineer	python powerbi nodejs sql flask	Noida	5LPA
Frontend Developer	azure tensorflow powerbi kubernetes machine learning	Hyderabad	8LPA
Mobile App Developer	dsa kubernetes algorithms nodejs deep learning	Hyderabad	15LPA
ML Engineer	kubernetes machine learning networking html pytorch	Delhi	4LPA
Data Scientist	nodejs powerbi deep learning dsa algorithms	Bangalore	9LPA
Backend Developer	kubernetes nodejs mongodb linux sql	Noida	13LPA
Business Analyst	linux tensorflow pytorch javascript mongodb	Noida	10LPA
Database Administrator	kubernetes security css azure data analysis	Bangalore	14LPA
UI UX Designer	security excel python c++ flask	Noida	11LPA
Full Stack Developer	security html tensorflow docker nlp	Pune	8LPA
AI Engineer	nodejs tensorflow machine learning azure powerbi	Remote	4LPA
Business Analyst	java docker react sql linux	Hyderabad	5LPA
Data Analyst	java flask dsa nlp django	Bangalore	15LPA
Business Analyst	nlp javascript powerbi nodejs java	Noida	14LPA
Python Developer	security machine learning kubernetes linux deep learning	Chandigarh	4LPA
Data Analyst	django pytorch linux react algorithms	Chandigarh	11LPA
Python Developer	azure networking dsa excel mongodb	Noida	8LPA
Database Administrator	algorithms linux javascript kubernetes sql	Bangalore	12LPA
Game Developer	flask sql aws linux tensorflow	Noida	9LPA
Mobile App Developer	python tensorflow react azure tableau	Pune	14LPA
Java Developer	docker networking python data analysis c++	Chandigarh	9LPA
ML Engineer	powerbi machine learning deep learning dsa python	Remote	12LPA
Mobile App Developer	dsa linux data analysis powerbi algorithms	Hyderabad	4LPA
AI Engineer	docker aws javascript c++ tensorflow	Hyderabad	4LPA
Cyber Security Analyst	nlp linux dsa css mongodb	Bangalore	4LPA
Cyber Security Analyst	linux react c++ html tensorflow	Hyderabad	9LPA
UI UX Designer	aws flask kubernetes python javascript	Noida	12LPA
Backend Developer	docker flask javascript nlp sql	Bangalore	13LPA
Data Analyst	mongodb django networking excel data analysis	Delhi	10LPA
Data Analyst	aws sql mongodb algorithms kubernetes	Hyderabad	5LPA
Business Analyst	linux css java machine learning networking	Chandigarh	4LPA
Java Developer	html django tensorflow machine learning data analysis	Pune	12LPA
Software Engineer	docker django excel java sql	Pune	9LPA
iOS Developer	flask machine learning tableau dsa c++	Chandigarh	8LPA
Business Analyst	tensorflow algorithms sql deep learning excel	Chandigarh	8LPA
AI Engineer	excel css javascript python django	Remote	11LPA
Frontend Developer	css excel deep learning django dsa	Bangalore	15LPA
DevOps Engineer	sql python javascript networking c++	Chandigarh	11LPA
Web Developer	css django sql python tableau	Bangalore	4LPA
Software Engineer	flask azure java machine learning data analysis	Remote	11LPA
Data Analyst	data analysis python django docker react	Bangalore	8LPA
Java Developer	css aws excel c++ html	Bangalore	13LPA
AI Engineer	css data analysis powerbi pytorch javascript	Pune	14LPA
Mobile App Developer	pytorch tableau django docker data analysis	Bangalore	7LPA
iOS Developer	deep learning sql algorithms nodejs security	Pune	7LPA
AI Engineer	python linux aws css azure	Chandigarh	9LPA
iOS Developer	java react aws pytorch django	Bangalore	8LPA
ML Engineer	deep learning nlp docker tableau python	Noida	9LPA
Web Developer	python flask mongodb azure docker	Noida	12LPA
Mobile App Developer	powerbi deep learning nodejs algorithms dsa	Hyderabad	8LPA
Cyber Security Analyst	networking mongodb excel c++ html	Delhi	4LPA
DevOps Engineer	linux python tensorflow powerbi nodejs	Delhi	11LPA
Business Analyst	tensorflow docker css machine learning sql	Noida	5LPA
DevOps Engineer	excel css dsa flask sql	Pune	7LPA
Python Developer	c++ flask javascript machine learning css	Noida	9LPA
Java Developer	excel django powerbi html sql	Hyderabad	7LPA
AI Engineer	pytorch tableau python java django	Pune	15LPA
Mobile App Developer	nlp algorithms flask aws react	Hyderabad	4LPA
Software Engineer	machine learning html pytorch tensorflow flask	Bangalore	11LPA
iOS Developer	powerbi aws machine learning python flask	Delhi	4LPA
Mobile App Developer	c++ html mongodb aws tensorflow	Chandigarh	9LPA
Web Developer	algorithms networking pytorch machine learning linux	Remote	14LPA
Python Developer	mongodb deep learning azure nlp excel	Pune	14LPA
Business Analyst	java css flask azure pytorch	Remote	12LPA
Business Analyst	java tensorflow html django pytorch	Noida	13LPA
Software Engineer	javascript sql mongodb flask security	Chandigarh	10LPA
ML Engineer	security excel flask kubernetes dsa	Delhi	9LPA
iOS Developer	sql c++ networking pytorch css	Bangalore	4LPA
Database Administrator	pytorch excel nodejs css algorithms	Remote	10LPA
Web Developer	algorithms css html sql linux	Hyderabad	14LPA
Data Scientist	nodejs excel javascript machine learning deep learning	Hyderabad	9LPA
Mobile App Developer	security java javascript powerbi nodejs	Hyderabad	11LPA
Frontend Developer	linux javascript powerbi aws nlp	Delhi	13LPA
Python Developer	powerbi c++ machine learning excel dsa	Chandigarh	6LPA
AI Engineer	nlp css data analysis linux aws	Bangalore	13LPA
Web Developer	aws flask machine learning excel powerbi	Noida	14LPA
AI Engineer	mongodb java html javascript c++	Bangalore	6LPA
Data Analyst	sql python algorithms azure flask	Pune	9LPA
Business Analyst	html react data analysis linux sql	Hyderabad	6LPA
Backend Developer	tensorflow tableau excel nodejs html	Remote	14LPA
Cloud Engineer	deep learning javascript react machine learning html	Chandigarh	10LPA
Data Scientist	security linux css dsa powerbi	Hyderabad	6LPA
AI Engineer	tableau python data analysis react css	Remote	7LPA
Web Developer	tensorflow tableau azure deep learning flask	Hyderabad	5LPA
Software Engineer	data analysis dsa deep learning react kubernetes	Chandigarh	5LPA
DevOps Engineer	deep learning django azure security linux	Hyderabad	14LPA
AI Engineer	javascript django excel azure nlp	Delhi	13LPA
UI UX Designer	javascript pytorch networking html excel	Hyderabad	10LPA
DevOps Engineer	c++ data analysis networking django security	Delhi	13LPA
Cyber Security Analyst	sql tensorflow networking tableau html	Noida	9LPA
Cloud Engineer	excel pytorch data analysis algorithms tensorflow	Remote	4LPA
Data Scientist	kubernetes nlp security linux c++	Remote	5LPA
Backend Developer	css java deep learning machine learning algorithms	Chandigarh	15LPA
AI Engineer	data analysis django mongodb html java	Chandigarh	6LPA
Data Scientist	tableau pytorch mongodb machine learning deep learning	Noida	7LPA
UI UX Designer	aws c++ flask pytorch nlp	Chandigarh	8LPA
Java Developer	docker security mongodb java kubernetes	Pune	14LPA
DevOps Engineer	data analysis java algorithms nlp azure	Delhi	14LPA
Software Engineer	azure algorithms networking aws excel	Hyderabad	6LPA
Database Administrator	azure javascript excel aws data analysis	Delhi	14LPA
UI UX Designer	html nlp algorithms dsa tableau	Pune	12LPA
Web Developer	linux react docker dsa css	Bangalore	14LPA
ML Engineer	html azure docker javascript networking	Hyderabad	14LPA
Game Developer	javascript dsa sql react tensorflow	Pune	14LPA
Python Developer	azure django machine learning python html	Hyderabad	5LPA
Data Analyst	html azure javascript kubernetes algorithms	Bangalore	7LPA
iOS Developer	dsa kubernetes machine learning tableau java	Delhi	5LPA
UI UX Designer	html django tensorflow networking docker	Remote	9LPA
DevOps Engineer	c++ sql nodejs powerbi mongodb	Hyderabad	7LPA
DevOps Engineer	docker sql javascript mongodb html	Delhi	10LPA
Software Engineer	powerbi django tensorflow aws mongodb	Pune	5LPA
Data Scientist	c++ react mongodb flask powerbi	Hyderabad	10LPA
Frontend Developer	sql css html security networking	Noida	8LPA
Cloud Engineer	linux networking pytorch deep learning dsa	Pune	15LPA
Database Administrator	powerbi mongodb deep learning java pytorch	Remote	9LPA
Frontend Developer	tensorflow machine learning docker sql nlp	Hyderabad	12LPA
Database Administrator	networking pytorch docker javascript tableau	Delhi	7LPA
Software Engineer	docker linux nodejs pytorch flask	Chandigarh	14LPA
DevOps Engineer	azure data analysis django security flask	Noida	11LPA
Mobile App Developer	pytorch nlp linux deep learning c++	Hyderabad	13LPA
ML Engineer	react sql mongodb docker deep learning	Chandigarh	14LPA
Game Developer	django azure tableau python powerbi	Bangalore	13LPA
Web Developer	data analysis react dsa django networking	Chandigarh	4LPA
Software Engineer	algorithms pytorch nodejs security machine learning	Bangalore	4LPA
Full Stack Developer	nlp security azure pytorch mongodb	Bangalore	14LPA
Backend Developer	kubernetes css algorithms linux data analysis	Remote	4LPA
Game Developer	excel tableau tensorflow docker networking	Noida	11LPA
Java Developer	javascript docker excel aws tensorflow	Bangalore	6LPA
Web Developer	deep learning excel javascript flask tensorflow	Pune	6LPA
Software Engineer	nlp tensorflow kubernetes docker html	Bangalore	15LPA
iOS Developer	django machine learning html docker css	Noida	6LPA
Web Developer	powerbi tableau linux nlp dsa	Delhi	14LPA
Cyber Security Analyst	algorithms data analysis django deep learning java	Bangalore	10LPA
Mobile App Developer	kubernetes networking html nlp tableau	Chandigarh	7LPA
Full Stack Developer	algorithms nodejs security deep learning javascript	Noida	14LPA
Software Engineer	django deep learning html pytorch react	Hyderabad	9LPA
Java Developer	django javascript deep learning data analysis networking	Remote	13LPA
UI UX Designer	networking data analysis azure java tensorflow	Bangalore	10LPA
Software Engineer	python aws excel mongodb pytorch	Pune	10LPA
iOS Developer	sql html docker tableau javascript	Chandigarh	9LPA
Python Developer	azure javascript html excel networking	Delhi	8LPA
DevOps Engineer	mongodb security data analysis kubernetes nodejs	Delhi	5LPA
ML Engineer	django data analysis tableau mongodb dsa	Hyderabad	15LPA
